employee,location,visit_count,total_spent
Ingrid Barranco,Maximum Iron and Steel,548,0.0
Ingrid Barranco,General Grocer,2871,108.49
Ingrid Barranco,Ouzeri Elian,729,132.43
Ingrid Barranco,Kronos Mart,0,298.83
Ingrid Barranco,Ahaggo Museum,2153,0.0
Ingrid Barranco,Desafio Golf Course,25,150.07
Ingrid Barranco,Guy's Gyros,276,394.14
Ingrid Barranco,Gelatogalore,0,188.62
Ingrid Barranco,Jack's Magical Beans,280,0.0
Ingrid Barranco,Hippokampos,357,406.18
Ingrid Barranco,Octavio's Office Supplies,169,0.0
Ingrid Barranco,Bean There Done That,1719,0.0
Ingrid Barranco,Carlyle Chemical Inc.,205,0.0
Ingrid Barranco,Albert's Fine Clothing,3055,121.76
Ingrid Barranco,Abila Airport,502,6291.389999999999
Ingrid Barranco,Kalami Kafenion,0,99.31
Ingrid Barranco,Roberts and Sons,1906,0.0
Ingrid Barranco,Abila Zacharo,692,202.06
Ingrid Barranco,Katerina’s Café,1379,856.8000000000001
Ingrid Barranco,Nationwide Refinery,2030,0.0
Ingrid Barranco,Hallowed Grounds,120,178.36999999999998
Ingrid Barranco,Frank's Fuel,1687,0.0
Ingrid Barranco,Frydos Autosupply n' More,261,369.19
Ingrid Barranco,Coffee Cameleon,240,69.77
Ingrid Barranco,Brew've Been Served,219,354.65000000000003
Ingrid Barranco,Brewed Awakenings,1789,0.0
Hennie Osvaldo,Shoppers' Delight,889,0.0
Hennie Osvaldo,Maximum Iron and Steel,901,0.0
Hennie Osvaldo,General Grocer,205,0.0
Hennie Osvaldo,Ouzeri Elian,125,0.0
Hennie Osvaldo,Kronos Mart,863,0.0
Hennie Osvaldo,Ahaggo Museum,251,0.0
Hennie Osvaldo,Desafio Golf Course,362,0.0
Hennie Osvaldo,Guy's Gyros,0,109.11000000000001
Hennie Osvaldo,Jack's Magical Beans,971,0.0
Hennie Osvaldo,Hippokampos,135,135.97
Hennie Osvaldo,Octavio's Office Supplies,84,0.0
Hennie Osvaldo,Bean There Done That,1916,0.0
Hennie Osvaldo,Carlyle Chemical Inc.,524,732.82
Hennie Osvaldo,Albert's Fine Clothing,496,0.0
Hennie Osvaldo,Abila Airport,848,0.0
Hennie Osvaldo,Kalami Kafenion,160,46.78
Hennie Osvaldo,Roberts and Sons,244,0.0
Hennie Osvaldo,Abila Zacharo,634,16.12
Hennie Osvaldo,Katerina’s Café,264,22.18
Hennie Osvaldo,Nationwide Refinery,961,5031.97
Hennie Osvaldo,Hallowed Grounds,463,3.11
Hennie Osvaldo,Coffee Shack,887,0.0
Hennie Osvaldo,Frank's Fuel,146,0.0
Hennie Osvaldo,U-Pump,850,0.0
Hennie Osvaldo,Frydos Autosupply n' More,562,0.0
Hennie Osvaldo,Stewart and Sons Fabrication,1086,8089.38
Hennie Osvaldo,Coffee Cameleon,710,0.0
Hennie Osvaldo,Kronos Pipe and Irrigation,110,0.0
Hennie Osvaldo,Brew've Been Served,790,8.33
Hennie Osvaldo,Brewed Awakenings,804,0.0
Lars Azada,Maximum Iron and Steel,495,0.0
Lars Azada,General Grocer,1974,0.0
Lars Azada,Ouzeri Elian,2082,265.14000000000004
Lars Azada,Ahaggo Museum,1877,0.0
Lars Azada,Guy's Gyros,2176,598.5
Lars Azada,Gelatogalore,0,74.14999999999999
Lars Azada,Jack's Magical Beans,270,0.0
Lars Azada,Brewed Awakenings,1829,0.0
Lars Azada,Hippokampos,62,269.09000000000003
Lars Azada,Octavio's Office Supplies,84,0.0
Lars Azada,Bean There Done That,1796,0.0
Lars Azada,Carlyle Chemical Inc.,262,227.81
Lars Azada,Albert's Fine Clothing,0,425.85999999999996
Lars Azada,Abila Airport,517,12574.579999999998
Lars Azada,Kalami Kafenion,1484,125.35999999999999
Lars Azada,Roberts and Sons,1810,155.76
Lars Azada,Abila Zacharo,318,70.53
Lars Azada,Katerina’s Café,1378,380.12
Lars Azada,Nationwide Refinery,1903,0.0
Lars Azada,Coffee Shack,2,0.0
Lars Azada,Frank's Fuel,1821,0.0
Lars Azada,U-Pump,0,59.51
Lars Azada,Frydos Autosupply n' More,0,312.73
Lars Azada,Coffee Cameleon,0,54.59
Lars Azada,Brew've Been Served,292,335.99
Lars Azada,Hallowed Grounds,0,115.61
Ada Campo-Corrente,Shoppers' Delight,0,30.39
Ada Campo-Corrente,Maximum Iron and Steel,485,0.0
Ada Campo-Corrente,General Grocer,3038,227.28
Ada Campo-Corrente,Ouzeri Elian,1077,560.91
Ada Campo-Corrente,Ahaggo Museum,2186,0.0
Ada Campo-Corrente,Guy's Gyros,401,415.32
Ada Campo-Corrente,Gelatogalore,0,55.760000000000005
Ada Campo-Corrente,Jack's Magical Beans,49,0.0
Ada Campo-Corrente,Hippokampos,156,840.01
Ada Campo-Corrente,Octavio's Office Supplies,176,0.0
Ada Campo-Corrente,Bean There Done That,1677,0.0
Ada Campo-Corrente,Carlyle Chemical Inc.,75,0.0
Ada Campo-Corrente,Albert's Fine Clothing,138,308.36
Ada Campo-Corrente,Abila Airport,786,0.0
Ada Campo-Corrente,Kalami Kafenion,0,252.21
Ada Campo-Corrente,Roberts and Sons,2405,241.2
Ada Campo-Corrente,Abila Zacharo,391,107.86
Ada Campo-Corrente,Katerina’s Café,1700,372.76
Ada Campo-Corrente,Nationwide Refinery,2292,0.0
Ada Campo-Corrente,Hallowed Grounds,0,437.39
Ada Campo-Corrente,Frank's Fuel,2507,0.0
Ada Campo-Corrente,Frydos Autosupply n' More,0,98.04
Ada Campo-Corrente,Coffee Cameleon,0,39.629999999999995
Ada Campo-Corrente,Brew've Been Served,70,367.73
Ada Campo-Corrente,Brewed Awakenings,2084,0.0
Marin Onda,Abila Scrapyard,0,1158.36
Marin Onda,Shoppers' Delight,0,279.53
Marin Onda,Maximum Iron and Steel,551,0.0
Marin Onda,General Grocer,438,0.0
Marin Onda,Ouzeri Elian,116,67.3
Marin Onda,Ahaggo Museum,569,0.0
Marin Onda,Desafio Golf Course,3094,0.0
Marin Onda,Guy's Gyros,103,16.33
Marin Onda,Gelatogalore,0,36.33
Marin Onda,Jack's Magical Beans,620,0.0
Marin Onda,Brewed Awakenings,757,0.0
Marin Onda,Hippokampos,80,82.62
Marin Onda,Octavio's Office Supplies,199,0.0
Marin Onda,Bean There Done That,1741,0.0
Marin Onda,Carlyle Chemical Inc.,195,0.0
Marin Onda,Albert's Fine Clothing,0,228.15
Marin Onda,Abila Airport,550,0.0
Marin Onda,Kalami Kafenion,0,22.31
Marin Onda,Roberts and Sons,421,0.0
Marin Onda,Abila Zacharo,357,14.37
Marin Onda,Katerina’s Café,351,148.4
Marin Onda,Nationwide Refinery,1060,0.0
Marin Onda,Coffee Shack,1,0.0
Marin Onda,Frank's Fuel,342,0.0
Marin Onda,Frydos Autosupply n' More,1965,289.81
Marin Onda,Coffee Cameleon,1230,8.39
Marin Onda,Stewart and Sons Fabrication,1823,0.0
Marin Onda,Brew've Been Served,224,27.419999999999998
Marin Onda,Hallowed Grounds,1636,10.66
Felix Balas,Maximum Iron and Steel,649,0.0
Felix Balas,General Grocer,2095,265.84
Felix Balas,Ouzeri Elian,1970,56.07
Felix Balas,Kronos Mart,0,445.3
Felix Balas,Ahaggo Museum,1931,0.0
Felix Balas,Guy's Gyros,2022,76.33
Felix Balas,Gelatogalore,0,258.98
Felix Balas,Jack's Magical Beans,212,0.0
Felix Balas,Hippokampos,35,128.84
Felix Balas,Bean There Done That,1770,0.0
Felix Balas,Carlyle Chemical Inc.,181,0.0
Felix Balas,Abila Airport,640,0.0
Felix Balas,Kalami Kafenion,1582,54.06
Felix Balas,Roberts and Sons,1915,223.81
Felix Balas,Abila Zacharo,623,0.0
Felix Balas,Katerina’s Café,1461,255.60000000000002
Felix Balas,Nationwide Refinery,2122,0.0
Felix Balas,Hallowed Grounds,0,233.91
Felix Balas,Coffee Shack,1,0.0
Felix Balas,Frank's Fuel,1886,65.34
Felix Balas,Chostus Hotel,0,114.22
Felix Balas,Frydos Autosupply n' More,0,445.68
Felix Balas,Coffee Cameleon,0,37.36
Felix Balas,Kronos Pipe and Irrigation,83,2564.0
Felix Balas,Brew've Been Served,212,705.4899999999999
Felix Balas,Brewed Awakenings,2022,0.0
Linnea Bergen,Shoppers' Delight,0,216.43
Linnea Bergen,Maximum Iron and Steel,524,0.0
Linnea Bergen,General Grocer,687,0.0
Linnea Bergen,Ouzeri Elian,234,109.64000000000001
Linnea Bergen,Kronos Mart,527,0.0
Linnea Bergen,Ahaggo Museum,662,0.0
Linnea Bergen,Desafio Golf Course,14,0.0
Linnea Bergen,Guy's Gyros,94,265.79
Linnea Bergen,Gelatogalore,0,303.90999999999997
Linnea Bergen,Jack's Magical Beans,569,50.69
Linnea Bergen,Hippokampos,0,258.99999999999994
Linnea Bergen,Octavio's Office Supplies,85,204.23000000000002
Linnea Bergen,Bean There Done That,1738,175.25
Linnea Bergen,Carlyle Chemical Inc.,140,1718.96
Linnea Bergen,Albert's Fine Clothing,0,466.41999999999996
Linnea Bergen,Abila Airport,595,6894.7
Linnea Bergen,Kalami Kafenion,0,165.78
Linnea Bergen,Roberts and Sons,614,0.0
Linnea Bergen,Abila Zacharo,239,47.589999999999996
Linnea Bergen,Katerina’s Café,641,254.04999999999998
Linnea Bergen,Nationwide Refinery,1120,0.0
Linnea Bergen,Hallowed Grounds,245,12.19
Linnea Bergen,Coffee Shack,38,4.09
Linnea Bergen,Frank's Fuel,538,0.0
Linnea Bergen,U-Pump,1407,0.0
Linnea Bergen,Chostus Hotel,0,222.62
Linnea Bergen,Frydos Autosupply n' More,329,98.39
Linnea Bergen,Coffee Cameleon,1581,7.49
Linnea Bergen,Stewart and Sons Fabrication,1367,0.0
Linnea Bergen,Brew've Been Served,737,124.15
Linnea Bergen,Brewed Awakenings,700,85.34
Elsa Orilla,Shoppers' Delight,414,420.33
Elsa Orilla,Maximum Iron and Steel,120,0.0
Elsa Orilla,General Grocer,2425,285.34
Elsa Orilla,Ouzeri Elian,1029,200.28000000000003
Elsa Orilla,Ahaggo Museum,2300,0.0
Elsa Orilla,Desafio Golf Course,18,0.0
Elsa Orilla,Guy's Gyros,1582,365.1000000000001
Elsa Orilla,Gelatogalore,0,232.07000000000002
Elsa Orilla,Jack's Magical Beans,239,81.22
Elsa Orilla,Hippokampos,263,489.1000000000001
Elsa Orilla,Octavio's Office Supplies,93,0.0
Elsa Orilla,Bean There Done That,1725,32.589999999999996
Elsa Orilla,Carlyle Chemical Inc.,118,8943.18
Elsa Orilla,Albert's Fine Clothing,0,224.52
Elsa Orilla,Abila Airport,130,4039.36
Elsa Orilla,Kalami Kafenion,0,213.71999999999997
Elsa Orilla,Roberts and Sons,2153,62.47
Elsa Orilla,Abila Zacharo,389,472.22
Elsa Orilla,Katerina’s Café,1468,379.16999999999996
Elsa Orilla,Nationwide Refinery,1883,0.0
Elsa Orilla,Hallowed Grounds,608,244.91000000000003
Elsa Orilla,Coffee Shack,1,5.01
Elsa Orilla,Frank's Fuel,3207,0.0
Elsa Orilla,Chostus Hotel,0,442.54999999999995
Elsa Orilla,Frydos Autosupply n' More,708,387.16
Elsa Orilla,Coffee Cameleon,243,164.85
Elsa Orilla,Stewart and Sons Fabrication,525,0.0
Elsa Orilla,Brew've Been Served,153,158.48000000000002
Elsa Orilla,Brewed Awakenings,1539,42.58
Nils Calixto,Abila Scrapyard,0,3055.41
Nils Calixto,Shoppers' Delight,0,758.65
Nils Calixto,Maximum Iron and Steel,441,1527.14
Nils Calixto,General Grocer,929,411.53999999999996
Nils Calixto,Ouzeri Elian,413,441.89
Nils Calixto,Kronos Mart,0,549.0
Nils Calixto,Ahaggo Museum,1279,0.0
Nils Calixto,Desafio Golf Course,1159,0.0
Nils Calixto,Guy's Gyros,96,852.99
Nils Calixto,Gelatogalore,0,392.90999999999997
Nils Calixto,Jack's Magical Beans,62,77.03
Nils Calixto,Brewed Awakenings,1511,43.74
Nils Calixto,Hippokampos,76,734.08
Nils Calixto,Octavio's Office Supplies,894,131.01
Nils Calixto,Bean There Done That,1902,76.22
Nils Calixto,Carlyle Chemical Inc.,65,6055.09
Nils Calixto,Albert's Fine Clothing,0,829.59
Nils Calixto,Abila Airport,428,23637.95
Nils Calixto,Kalami Kafenion,0,272.45000000000005
Nils Calixto,Roberts and Sons,909,521.77
Nils Calixto,Abila Zacharo,420,653.6600000000001
Nils Calixto,Katerina’s Café,1544,1006.4400000000002
Nils Calixto,Nationwide Refinery,1615,11990.86
Nils Calixto,Coffee Shack,0,15.49
Nils Calixto,Frank's Fuel,726,52.66
Nils Calixto,Frydos Autosupply n' More,551,1258.76
Nils Calixto,Coffee Cameleon,0,91.57
Nils Calixto,Stewart and Sons Fabrication,2223,10881.86
Nils Calixto,Kronos Pipe and Irrigation,0,423.14
Nils Calixto,Brew've Been Served,75,381.47
Nils Calixto,Hallowed Grounds,1993,372.13
Isia Vann,Shoppers' Delight,299,0.0
Isia Vann,Maximum Iron and Steel,584,0.0
Isia Vann,General Grocer,452,0.0
Isia Vann,Ouzeri Elian,126,107.16
Isia Vann,Kronos Mart,315,0.0
Isia Vann,Ahaggo Museum,338,0.0
Isia Vann,Desafio Golf Course,224,148.22
Isia Vann,Gelatogalore,0,36.2
Isia Vann,Jack's Magical Beans,1289,141.92000000000002
Isia Vann,Brewed Awakenings,703,66.03999999999999
Isia Vann,Hippokampos,0,175.46
Isia Vann,Octavio's Office Supplies,103,0.0
Isia Vann,Bean There Done That,2287,176.95999999999998
Isia Vann,Carlyle Chemical Inc.,1072,0.0
Isia Vann,Albert's Fine Clothing,267,63.36
Isia Vann,Abila Airport,566,0.0
Isia Vann,Roberts and Sons,362,0.0
Isia Vann,Abila Zacharo,541,23.15
Isia Vann,Katerina’s Café,534,72.74000000000001
Isia Vann,Nationwide Refinery,610,0.0
Isia Vann,Coffee Shack,1659,64.64
Isia Vann,Frank's Fuel,264,0.0
Isia Vann,U-Pump,108,0.0
Isia Vann,Frydos Autosupply n' More,185,88.93
Isia Vann,Coffee Cameleon,145,6.59
Isia Vann,Stewart and Sons Fabrication,98,1673.77
Isia Vann,Brew've Been Served,1226,0.0
Isia Vann,Hallowed Grounds,149,76.36
Orhan Strum,Shoppers' Delight,0,149.2
Orhan Strum,Maximum Iron and Steel,416,0.0
Orhan Strum,General Grocer,1651,0.0
Orhan Strum,Ouzeri Elian,769,58.01
Orhan Strum,Ahaggo Museum,1933,0.0
Orhan Strum,Desafio Golf Course,6,0.0
Orhan Strum,Guy's Gyros,173,185.22
Orhan Strum,Gelatogalore,22,76.5
Orhan Strum,Jack's Magical Beans,285,0.0
Orhan Strum,Hippokampos,240,477.90999999999997
Orhan Strum,Octavio's Office Supplies,172,0.0
Orhan Strum,Bean There Done That,1790,0.0
Orhan Strum,Carlyle Chemical Inc.,269,0.0
Orhan Strum,Albert's Fine Clothing,1849,211.47
Orhan Strum,Abila Airport,553,0.0
Orhan Strum,Kalami Kafenion,0,175.42
Orhan Strum,Roberts and Sons,2498,256.24
Orhan Strum,Abila Zacharo,393,274.89
Orhan Strum,Katerina’s Café,1567,132.26
Orhan Strum,Nationwide Refinery,1949,0.0
Orhan Strum,Hallowed Grounds,62,3.9
Orhan Strum,Frank's Fuel,1131,0.0
Orhan Strum,U-Pump,0,55.25
Orhan Strum,Frydos Autosupply n' More,125,377.39000000000004
Orhan Strum,Coffee Cameleon,116,0.0
Orhan Strum,Brew've Been Served,294,33.68
Orhan Strum,Brewed Awakenings,1772,0.0
Varja Lagos,Shoppers' Delight,0,211.03
Varja Lagos,Maximum Iron and Steel,541,0.0
Varja Lagos,General Grocer,137,0.0
Varja Lagos,Ouzeri Elian,66,118.86000000000001
Varja Lagos,Kronos Mart,359,0.0
Varja Lagos,Ahaggo Museum,340,0.0
Varja Lagos,Desafio Golf Course,18,190.91
Varja Lagos,Guy's Gyros,0,373.80999999999995
Varja Lagos,Gelatogalore,0,121.67999999999999
Varja Lagos,Jack's Magical Beans,1575,0.0
Varja Lagos,Hippokampos,142,286.68
Varja Lagos,Octavio's Office Supplies,239,0.0
Varja Lagos,Bean There Done That,2227,0.0
Varja Lagos,Carlyle Chemical Inc.,1219,1392.73
Varja Lagos,Albert's Fine Clothing,0,353.57000000000005
Varja Lagos,Abila Airport,500,0.0
Varja Lagos,Kalami Kafenion,0,72.21000000000001
Varja Lagos,Roberts and Sons,248,266.69
Varja Lagos,Abila Zacharo,553,214.07999999999998
Varja Lagos,Katerina’s Café,114,448.2399999999999
Varja Lagos,Nationwide Refinery,717,0.0
Varja Lagos,Hallowed Grounds,172,0.0
Varja Lagos,Coffee Shack,764,0.0
Varja Lagos,Frank's Fuel,70,0.0
Varja Lagos,Frydos Autosupply n' More,319,0.0
Varja Lagos,Coffee Cameleon,161,0.0
Varja Lagos,Stewart and Sons Fabrication,76,0.0
Varja Lagos,Brew've Been Served,1260,4.7
Varja Lagos,Brewed Awakenings,504,0.0
Isak Baza,Maximum Iron and Steel,405,0.0
Isak Baza,General Grocer,414,0.0
Isak Baza,Ouzeri Elian,122,15.25
Isak Baza,Ahaggo Museum,2508,0.0
Isak Baza,Guy's Gyros,95,178.61
Isak Baza,Gelatogalore,0,71.32
Isak Baza,Jack's Magical Beans,156,0.0
Isak Baza,Hippokampos,153,196.82
Isak Baza,Octavio's Office Supplies,837,0.0
Isak Baza,Bean There Done That,1704,0.0
Isak Baza,Carlyle Chemical Inc.,191,0.0
Isak Baza,Albert's Fine Clothing,0,771.01
Isak Baza,Abila Airport,427,202.93
Isak Baza,Kalami Kafenion,0,161.14999999999998
Isak Baza,Roberts and Sons,516,0.0
Isak Baza,Abila Zacharo,348,122.39999999999999
Isak Baza,Katerina’s Café,2774,279.41999999999996
Isak Baza,Nationwide Refinery,2435,2047.28
Isak Baza,Hallowed Grounds,0,134.70000000000002
Isak Baza,Frank's Fuel,361,0.0
Isak Baza,Frydos Autosupply n' More,0,10124.52
Isak Baza,Coffee Cameleon,0,13.25
Isak Baza,Stewart and Sons Fabrication,0,4195.49
Isak Baza,Brew've Been Served,222,164.92000000000002
Isak Baza,Brewed Awakenings,2805,0.0
Lucas Alcazar,Shoppers' Delight,0,238.52
Lucas Alcazar,Maximum Iron and Steel,488,0.0
Lucas Alcazar,General Grocer,402,78.02
Lucas Alcazar,Ouzeri Elian,127,249.03000000000003
Lucas Alcazar,Ahaggo Museum,408,121.46
Lucas Alcazar,Kronos Mart,24,0.0
Lucas Alcazar,Desafio Golf Course,576,0.0
Lucas Alcazar,Guy's Gyros,104,244.36
Lucas Alcazar,Gelatogalore,0,155.84
Lucas Alcazar,Jack's Magical Beans,782,0.0
Lucas Alcazar,Brewed Awakenings,539,0.0
Lucas Alcazar,Hippokampos,0,787.04
Lucas Alcazar,Octavio's Office Supplies,89,0.0
Lucas Alcazar,Bean There Done That,1819,0.0
Lucas Alcazar,Carlyle Chemical Inc.,268,0.0
Lucas Alcazar,Albert's Fine Clothing,0,452.81
Lucas Alcazar,Abila Airport,522,3917.3
Lucas Alcazar,Kalami Kafenion,0,172.94
Lucas Alcazar,Roberts and Sons,380,0.0
Lucas Alcazar,Abila Zacharo,263,340.93
Lucas Alcazar,Katerina’s Café,88,840.7
Lucas Alcazar,Nationwide Refinery,919,0.0
Lucas Alcazar,Coffee Shack,1,0.0
Lucas Alcazar,Frank's Fuel,346,0.0
Lucas Alcazar,Frydos Autosupply n' More,2426,752.03
Lucas Alcazar,Coffee Cameleon,1435,94.49
Lucas Alcazar,Stewart and Sons Fabrication,1810,0.0
Lucas Alcazar,Brew've Been Served,285,261.83
Lucas Alcazar,Hallowed Grounds,1754,32.19
Minke Mies,Shoppers' Delight,661,0.0
Minke Mies,Maximum Iron and Steel,827,0.0
Minke Mies,General Grocer,913,0.0
Minke Mies,Ouzeri Elian,437,76.25
Minke Mies,Ahaggo Museum,553,141.45999999999998
Minke Mies,Kronos Mart,1795,0.0
Minke Mies,Desafio Golf Course,657,0.0
Minke Mies,Guy's Gyros,0,41.05
Minke Mies,Gelatogalore,0,76.69
Minke Mies,Jack's Magical Beans,1013,159.06
Minke Mies,Hippokampos,0,39.349999999999994
Minke Mies,Bean There Done That,2060,114.93
Minke Mies,Carlyle Chemical Inc.,745,1966.92
Minke Mies,Albert's Fine Clothing,981,229.98
Minke Mies,Abila Airport,806,0.0
Minke Mies,Kalami Kafenion,146,62.379999999999995
Minke Mies,Roberts and Sons,551,0.0
Minke Mies,Abila Zacharo,738,0.0
Minke Mies,Katerina’s Café,626,98.30000000000001
Minke Mies,Nationwide Refinery,977,2011.3400000000001
Minke Mies,Hallowed Grounds,304,19.9
Minke Mies,Coffee Shack,508,3.63
Minke Mies,Frank's Fuel,609,0.0
Minke Mies,U-Pump,581,0.0
Minke Mies,Frydos Autosupply n' More,377,197.32
Minke Mies,Stewart and Sons Fabrication,669,1218.82
Minke Mies,Coffee Cameleon,673,0.0
Minke Mies,Kronos Pipe and Irrigation,177,0.0
Minke Mies,Brew've Been Served,932,7.09
Minke Mies,Brewed Awakenings,816,36.79
Felix Resumir,Shoppers' Delight,124,0.0
Felix Resumir,Maximum Iron and Steel,588,0.0
Felix Resumir,General Grocer,269,0.0
Felix Resumir,Ouzeri Elian,107,23.65
Felix Resumir,Kronos Mart,611,0.0
Felix Resumir,Ahaggo Museum,315,0.0
Felix Resumir,Desafio Golf Course,124,0.0
Felix Resumir,Guy's Gyros,0,128.62
Felix Resumir,Jack's Magical Beans,1664,0.0
Felix Resumir,Hippokampos,151,99.71000000000001
Felix Resumir,Octavio's Office Supplies,180,0.0
Felix Resumir,Bean There Done That,2188,0.0
Felix Resumir,Carlyle Chemical Inc.,1126,0.0
Felix Resumir,Albert's Fine Clothing,106,226.49
Felix Resumir,Abila Airport,536,777.06
Felix Resumir,Roberts and Sons,348,0.0
Felix Resumir,Abila Zacharo,571,0.0
Felix Resumir,Katerina’s Café,642,150.95
Felix Resumir,Nationwide Refinery,489,0.0
Felix Resumir,Hallowed Grounds,322,0.0
Felix Resumir,Coffee Shack,692,0.0
Felix Resumir,Frank's Fuel,196,0.0
Felix Resumir,U-Pump,105,0.0
Felix Resumir,Frydos Autosupply n' More,463,0.0
Felix Resumir,Coffee Cameleon,276,0.0
Felix Resumir,Stewart and Sons Fabrication,99,0.0
Felix Resumir,Brew've Been Served,1178,0.0
Felix Resumir,Brewed Awakenings,535,0.0
Kanon Herrero,Abila Scrapyard,74,0.0
Kanon Herrero,Shoppers' Delight,0,367.75
Kanon Herrero,Maximum Iron and Steel,278,0.0
Kanon Herrero,General Grocer,481,0.0
Kanon Herrero,Ouzeri Elian,240,92.03999999999999
Kanon Herrero,Kronos Mart,528,0.0
Kanon Herrero,Ahaggo Museum,548,0.0
Kanon Herrero,Desafio Golf Course,34,0.0
Kanon Herrero,Guy's Gyros,101,239.2
Kanon Herrero,Gelatogalore,90,0.0
Kanon Herrero,Jack's Magical Beans,793,0.0
Kanon Herrero,Hippokampos,58,40.51
Kanon Herrero,Octavio's Office Supplies,337,0.0
Kanon Herrero,Bean There Done That,1815,0.0
Kanon Herrero,Carlyle Chemical Inc.,321,0.0
Kanon Herrero,Albert's Fine Clothing,0,49.48
Kanon Herrero,Abila Airport,267,0.0
Kanon Herrero,Roberts and Sons,430,0.0
Kanon Herrero,Abila Zacharo,169,0.0
Kanon Herrero,Katerina’s Café,84,285.24
Kanon Herrero,Nationwide Refinery,822,0.0
Kanon Herrero,Hallowed Grounds,172,0.0
Kanon Herrero,Frank's Fuel,364,0.0
Kanon Herrero,U-Pump,1615,0.0
Kanon Herrero,Frydos Autosupply n' More,315,592.03
Kanon Herrero,Coffee Cameleon,1684,0.0
Kanon Herrero,Stewart and Sons Fabrication,1513,0.0
Kanon Herrero,Brew've Been Served,943,0.0
Kanon Herrero,Brewed Awakenings,464,0.0
Isande Borrasca,Abila Scrapyard,71,0.0
Isande Borrasca,Shoppers' Delight,113,289.33
Isande Borrasca,Maximum Iron and Steel,176,0.0
Isande Borrasca,General Grocer,570,0.0
Isande Borrasca,Ouzeri Elian,244,0.0
Isande Borrasca,Ahaggo Museum,2317,0.0
Isande Borrasca,Kronos Mart,92,0.0
Isande Borrasca,Desafio Golf Course,565,0.0
Isande Borrasca,Guy's Gyros,278,57.73
Isande Borrasca,Hippokampos,300,78.96
Isande Borrasca,Octavio's Office Supplies,1,0.0
Isande Borrasca,Albert's Fine Clothing,1260,0.0
Isande Borrasca,Abila Airport,1870,0.0
Isande Borrasca,Kalami Kafenion,107,0.0
Isande Borrasca,Roberts and Sons,2161,0.0
Isande Borrasca,Abila Zacharo,419,0.0
Isande Borrasca,Katerina’s Café,1881,12.32
Isande Borrasca,Nationwide Refinery,405,0.0
Isande Borrasca,Hallowed Grounds,18,7.88
Isande Borrasca,Frank's Fuel,598,0.0
Isande Borrasca,U-Pump,57,0.0
Isande Borrasca,Frydos Autosupply n' More,475,0.0
Isande Borrasca,Coffee Cameleon,133,0.0
Isande Borrasca,Kronos Pipe and Irrigation,31,0.0
Isande Borrasca,Stewart and Sons Fabrication,58,0.0
Isande Borrasca,Brewed Awakenings,2310,0.0
Lidelse Dedos,Shoppers' Delight,1133,0.0
Lidelse Dedos,Maximum Iron and Steel,783,0.0
Lidelse Dedos,General Grocer,322,0.0
Lidelse Dedos,Ouzeri Elian,248,43.76
Lidelse Dedos,Kronos Mart,1094,0.0
Lidelse Dedos,Ahaggo Museum,108,0.0
Lidelse Dedos,Desafio Golf Course,384,0.0
Lidelse Dedos,Guy's Gyros,94,125.76
Lidelse Dedos,Jack's Magical Beans,637,0.0
Lidelse Dedos,Hippokampos,0,32.66
Lidelse Dedos,Bean There Done That,1816,0.0
Lidelse Dedos,Carlyle Chemical Inc.,266,0.0
Lidelse Dedos,Albert's Fine Clothing,581,0.0
Lidelse Dedos,Abila Airport,782,0.0
Lidelse Dedos,Kalami Kafenion,160,0.0
Lidelse Dedos,Roberts and Sons,109,0.0
Lidelse Dedos,Abila Zacharo,512,0.0
Lidelse Dedos,Katerina’s Café,76,101.56
Lidelse Dedos,Nationwide Refinery,1034,0.0
Lidelse Dedos,Hallowed Grounds,831,26.5
Lidelse Dedos,Coffee Shack,332,0.0
Lidelse Dedos,Frank's Fuel,435,0.0
Lidelse Dedos,U-Pump,805,0.0
Lidelse Dedos,Frydos Autosupply n' More,886,146.74
Lidelse Dedos,Coffee Cameleon,546,10.27
Lidelse Dedos,Stewart and Sons Fabrication,1490,0.0
Lidelse Dedos,Brew've Been Served,537,204.02
Lidelse Dedos,Brewed Awakenings,751,0.0
Stenig Fusil,Shoppers' Delight,636,0.0
Stenig Fusil,Maximum Iron and Steel,519,0.0
Stenig Fusil,General Grocer,258,0.0
Stenig Fusil,Ouzeri Elian,121,47.07
Stenig Fusil,Kronos Mart,1005,0.0
Stenig Fusil,Ahaggo Museum,345,0.0
Stenig Fusil,Desafio Golf Course,141,0.0
Stenig Fusil,Guy's Gyros,0,109.39999999999999
Stenig Fusil,Gelatogalore,0,36.93
Stenig Fusil,Jack's Magical Beans,733,0.0
Stenig Fusil,Brewed Awakenings,609,0.0
Stenig Fusil,Hippokampos,154,262.44000000000005
Stenig Fusil,Octavio's Office Supplies,165,131.73
Stenig Fusil,Bean There Done That,2241,0.0
Stenig Fusil,Carlyle Chemical Inc.,1130,3470.99
Stenig Fusil,Abila Airport,506,0.0
Stenig Fusil,Kalami Kafenion,0,93.48
Stenig Fusil,Roberts and Sons,355,0.0
Stenig Fusil,Abila Zacharo,509,88.83
Stenig Fusil,Katerina’s Café,195,210.40999999999997
Stenig Fusil,Nationwide Refinery,761,0.0
Stenig Fusil,Coffee Shack,1949,0.0
Stenig Fusil,Frank's Fuel,206,0.0
Stenig Fusil,U-Pump,91,0.0
Stenig Fusil,Frydos Autosupply n' More,17,86.37
Stenig Fusil,Coffee Cameleon,362,0.0
Stenig Fusil,Stewart and Sons Fabrication,85,0.0
Stenig Fusil,Brew've Been Served,1091,0.0
Stenig Fusil,Hallowed Grounds,0,14.58
Bertrand Ovan,Shoppers' Delight,0,688.9
Bertrand Ovan,Maximum Iron and Steel,857,0.0
Bertrand Ovan,General Grocer,63,159.3
Bertrand Ovan,Ouzeri Elian,78,435.56000000000006
Bertrand Ovan,Ahaggo Museum,76,240.4
Bertrand Ovan,Kronos Mart,724,306.36
Bertrand Ovan,Desafio Golf Course,6,617.8900000000001
Bertrand Ovan,Guy's Gyros,0,217.91
Bertrand Ovan,Gelatogalore,0,205.83999999999997
Bertrand Ovan,Jack's Magical Beans,944,0.0
Bertrand Ovan,Hippokampos,36,755.0799999999999
Bertrand Ovan,Octavio's Office Supplies,328,0.0
Bertrand Ovan,Bean There Done That,1802,0.0
Bertrand Ovan,Carlyle Chemical Inc.,318,382.43
Bertrand Ovan,Albert's Fine Clothing,0,259.17
Bertrand Ovan,Abila Airport,797,0.0
Bertrand Ovan,Kalami Kafenion,0,63.019999999999996
Bertrand Ovan,Roberts and Sons,73,0.0
Bertrand Ovan,Abila Zacharo,491,22.4
Bertrand Ovan,Katerina’s Café,57,417.68999999999994
Bertrand Ovan,Nationwide Refinery,1035,0.0
Bertrand Ovan,Hallowed Grounds,85,0.0
Bertrand Ovan,Coffee Shack,20,0.0
Bertrand Ovan,Frank's Fuel,54,0.0
Bertrand Ovan,U-Pump,1560,0.0
Bertrand Ovan,Frydos Autosupply n' More,98,503.74
Bertrand Ovan,Coffee Cameleon,1633,0.0
Bertrand Ovan,Stewart and Sons Fabrication,1563,0.0
Bertrand Ovan,Brew've Been Served,943,11.69
Bertrand Ovan,Brewed Awakenings,691,0.0
Hideki Cocinaro,Abila Scrapyard,0,4277.4
Hideki Cocinaro,Shoppers' Delight,2440,293.67
Hideki Cocinaro,Maximum Iron and Steel,743,0.0
Hideki Cocinaro,Ouzeri Elian,0,60.66
Hideki Cocinaro,Kronos Mart,304,0.0
Hideki Cocinaro,Ahaggo Museum,371,0.0
Hideki Cocinaro,Desafio Golf Course,429,0.0
Hideki Cocinaro,Guy's Gyros,0,151.26
Hideki Cocinaro,Jack's Magical Beans,182,0.0
Hideki Cocinaro,Hippokampos,451,76.11
Hideki Cocinaro,Octavio's Office Supplies,242,0.0
Hideki Cocinaro,Bean There Done That,1771,0.0
Hideki Cocinaro,Carlyle Chemical Inc.,206,0.0
Hideki Cocinaro,Abila Airport,688,0.0
Hideki Cocinaro,Kalami Kafenion,0,31.43
Hideki Cocinaro,Roberts and Sons,396,240.66
Hideki Cocinaro,Abila Zacharo,802,144.36
Hideki Cocinaro,Katerina’s Café,222,389.45
Hideki Cocinaro,Nationwide Refinery,942,0.0
Hideki Cocinaro,Hallowed Grounds,1155,0.0
Hideki Cocinaro,Coffee Shack,751,0.0
Hideki Cocinaro,U-Pump,622,0.0
Hideki Cocinaro,Frydos Autosupply n' More,1304,148.92
Hideki Cocinaro,Coffee Cameleon,633,64.82000000000001
Hideki Cocinaro,Stewart and Sons Fabrication,1601,0.0
Hideki Cocinaro,Brew've Been Served,467,26.380000000000003
Hideki Cocinaro,Brewed Awakenings,463,0.0
Loreto Bodrogi,Abila Scrapyard,65,0.0
Loreto Bodrogi,Shoppers' Delight,295,0.0
Loreto Bodrogi,Maximum Iron and Steel,439,0.0
Loreto Bodrogi,General Grocer,531,575.63
Loreto Bodrogi,Ouzeri Elian,302,122.92999999999999
Loreto Bodrogi,Kronos Mart,442,0.0
Loreto Bodrogi,Ahaggo Museum,634,0.0
Loreto Bodrogi,Desafio Golf Course,204,0.0
Loreto Bodrogi,Guy's Gyros,0,62.97
Loreto Bodrogi,Gelatogalore,77,21.62
Loreto Bodrogi,Jack's Magical Beans,1125,0.0
Loreto Bodrogi,Brewed Awakenings,786,0.0
Loreto Bodrogi,Hippokampos,208,274.81
Loreto Bodrogi,Octavio's Office Supplies,320,0.0
Loreto Bodrogi,Bean There Done That,2140,0.0
Loreto Bodrogi,Carlyle Chemical Inc.,934,0.0
Loreto Bodrogi,Albert's Fine Clothing,361,35.66
Loreto Bodrogi,Abila Airport,420,0.0
Loreto Bodrogi,Kalami Kafenion,360,95.91000000000001
Loreto Bodrogi,Roberts and Sons,655,0.0
Loreto Bodrogi,Abila Zacharo,653,70.79
Loreto Bodrogi,Katerina’s Café,590,80.84
Loreto Bodrogi,Nationwide Refinery,775,1562.66
Loreto Bodrogi,Coffee Shack,1605,0.0
Loreto Bodrogi,Frank's Fuel,348,0.0
Loreto Bodrogi,U-Pump,336,0.0
Loreto Bodrogi,Chostus Hotel,0,107.51
Loreto Bodrogi,Frydos Autosupply n' More,297,725.03
Loreto Bodrogi,Stewart and Sons Fabrication,311,3581.59
Loreto Bodrogi,Kronos Pipe and Irrigation,391,0.0
Loreto Bodrogi,Coffee Cameleon,365,0.0
Loreto Bodrogi,Brew've Been Served,1097,0.0
Loreto Bodrogi,Hallowed Grounds,249,25.66
Axel Calzas,Maximum Iron and Steel,409,0.0
Axel Calzas,General Grocer,2485,0.0
Axel Calzas,Ouzeri Elian,2371,187.01
Axel Calzas,Ahaggo Museum,2417,0.0
Axel Calzas,Desafio Golf Course,27,0.0
Axel Calzas,Guy's Gyros,1388,84.85
Axel Calzas,Gelatogalore,0,54.459999999999994
Axel Calzas,Jack's Magical Beans,214,0.0
Axel Calzas,Hippokampos,70,87.21000000000001
Axel Calzas,Octavio's Office Supplies,162,0.0
Axel Calzas,Bean There Done That,1702,0.0
Axel Calzas,Carlyle Chemical Inc.,133,0.0
Axel Calzas,Abila Airport,367,2723.18
Axel Calzas,Kalami Kafenion,1640,14.77
Axel Calzas,Roberts and Sons,2296,0.0
Axel Calzas,Abila Zacharo,503,82.80000000000001
Axel Calzas,Katerina’s Café,1562,313.9
Axel Calzas,Nationwide Refinery,2159,0.0
Axel Calzas,Hallowed Grounds,136,109.57
Axel Calzas,Frank's Fuel,2199,0.0
Axel Calzas,Frydos Autosupply n' More,261,276.75
Axel Calzas,Coffee Cameleon,241,36.76
Axel Calzas,Brew've Been Served,142,19.6
Axel Calzas,Brewed Awakenings,1829,0.0
Inga Ferro,Abila Scrapyard,0,2149.28
Inga Ferro,Shoppers' Delight,343,0.0
Inga Ferro,Maximum Iron and Steel,965,0.0
Inga Ferro,General Grocer,257,0.0
Inga Ferro,Ouzeri Elian,246,114.52000000000001
Inga Ferro,Kronos Mart,477,0.0
Inga Ferro,Ahaggo Museum,187,0.0
Inga Ferro,Desafio Golf Course,199,0.0
Inga Ferro,Guy's Gyros,0,55.36
Inga Ferro,Jack's Magical Beans,1207,251.95000000000002
Inga Ferro,Brewed Awakenings,837,250.56000000000003
Inga Ferro,Hippokampos,225,371.13
Inga Ferro,Octavio's Office Supplies,215,0.0
Inga Ferro,Bean There Done That,2164,292.09
Inga Ferro,Carlyle Chemical Inc.,1038,0.0
Inga Ferro,Albert's Fine Clothing,283,301.14
Inga Ferro,Abila Airport,1017,0.0
Inga Ferro,Kalami Kafenion,316,30.12
Inga Ferro,Roberts and Sons,229,0.0
Inga Ferro,Abila Zacharo,620,0.0
Inga Ferro,Katerina’s Café,483,55.25
Inga Ferro,Nationwide Refinery,734,4076.02
Inga Ferro,Coffee Shack,1522,16.63
Inga Ferro,Frank's Fuel,249,0.0
Inga Ferro,U-Pump,402,0.0
Inga Ferro,Frydos Autosupply n' More,438,0.0
Inga Ferro,Stewart and Sons Fabrication,398,4740.68
Inga Ferro,Kronos Pipe and Irrigation,100,423.14
Inga Ferro,Coffee Cameleon,443,0.0
Inga Ferro,Brew've Been Served,1224,5.57
Inga Ferro,Hallowed Grounds,386,32.0
Gustav Cazar,Shoppers' Delight,0,30.39
Gustav Cazar,Maximum Iron and Steel,243,0.0
Gustav Cazar,General Grocer,1926,70.22
Gustav Cazar,Ouzeri Elian,1464,162.70000000000002
Gustav Cazar,Ahaggo Museum,2033,26.91
Gustav Cazar,Desafio Golf Course,7,744.94
Gustav Cazar,Guy's Gyros,540,406.14000000000004
Gustav Cazar,Jack's Magical Beans,181,0.0
Gustav Cazar,Hippokampos,0,461.40999999999997
Gustav Cazar,Octavio's Office Supplies,178,0.0
Gustav Cazar,Bean There Done That,1424,0.0
Gustav Cazar,Carlyle Chemical Inc.,162,1814.24
Gustav Cazar,Albert's Fine Clothing,0,528.95
Gustav Cazar,Abila Airport,256,124.89
Gustav Cazar,Kalami Kafenion,1607,0.0
Gustav Cazar,Roberts and Sons,1729,0.0
Gustav Cazar,Abila Zacharo,97,103.94
Gustav Cazar,Katerina’s Café,1438,324.03999999999996
Gustav Cazar,Nationwide Refinery,1734,0.0
Gustav Cazar,Hallowed Grounds,55,0.0
Gustav Cazar,Frank's Fuel,1627,0.0
Gustav Cazar,Brew've Been Served,177,0.0
Gustav Cazar,Frydos Autosupply n' More,117,363.89
Gustav Cazar,Coffee Cameleon,101,0.0
Gustav Cazar,Kronos Pipe and Irrigation,0,6508.35
Gustav Cazar,Gelatogalore,0,22.36
Gustav Cazar,Brewed Awakenings,1497,0.0
Adra Nubarron,Abila Scrapyard,72,0.0
Adra Nubarron,Shoppers' Delight,0,204.37
Adra Nubarron,Maximum Iron and Steel,958,0.0
Adra Nubarron,General Grocer,230,159.3
Adra Nubarron,Ouzeri Elian,63,0.0
Adra Nubarron,Kronos Mart,465,0.0
Adra Nubarron,Ahaggo Museum,126,0.0
Adra Nubarron,Desafio Golf Course,7,0.0
Adra Nubarron,Guy's Gyros,0,64.86
Adra Nubarron,Gelatogalore,115,17.21
Adra Nubarron,Jack's Magical Beans,1443,0.0
Adra Nubarron,Hippokampos,238,350.4
Adra Nubarron,Octavio's Office Supplies,388,0.0
Adra Nubarron,Bean There Done That,1927,0.0
Adra Nubarron,Carlyle Chemical Inc.,1075,0.0
Adra Nubarron,Albert's Fine Clothing,161,0.0
Adra Nubarron,Abila Airport,946,0.0
Adra Nubarron,Kalami Kafenion,0,68.95
Adra Nubarron,Roberts and Sons,162,0.0
Adra Nubarron,Abila Zacharo,766,0.0
Adra Nubarron,Katerina’s Café,264,277.40000000000003
Adra Nubarron,Nationwide Refinery,767,0.0
Adra Nubarron,Hallowed Grounds,250,0.0
Adra Nubarron,Coffee Shack,403,0.0
Adra Nubarron,Frank's Fuel,104,0.0
Adra Nubarron,U-Pump,325,0.0
Adra Nubarron,Frydos Autosupply n' More,346,884.11
Adra Nubarron,Stewart and Sons Fabrication,401,0.0
Adra Nubarron,Coffee Cameleon,344,0.0
Adra Nubarron,Brew've Been Served,1091,19.87
Adra Nubarron,Brewed Awakenings,980,0.0
Kare Orilla,Maximum Iron and Steel,1038,0.0
Kare Orilla,General Grocer,131,0.0
Kare Orilla,Ouzeri Elian,65,0.0
Kare Orilla,Ahaggo Museum,287,0.0
Kare Orilla,Desafio Golf Course,1538,419.23
Kare Orilla,Guy's Gyros,0,23.34
Kare Orilla,Jack's Magical Beans,554,0.0
Kare Orilla,Hippokampos,147,21.2
Kare Orilla,Bean There Done That,1714,0.0
Kare Orilla,Carlyle Chemical Inc.,78,0.0
Kare Orilla,Abila Airport,1045,0.0
Kare Orilla,Roberts and Sons,256,0.0
Kare Orilla,Abila Zacharo,870,0.0
Kare Orilla,Katerina’s Café,97,0.0
Kare Orilla,Nationwide Refinery,1266,0.0
Kare Orilla,Hallowed Grounds,1653,0.0
Kare Orilla,Frank's Fuel,99,0.0
Kare Orilla,Brew've Been Served,73,0.0
Kare Orilla,Frydos Autosupply n' More,2001,0.0
Kare Orilla,Stewart and Sons Fabrication,1793,0.0
Kare Orilla,Kronos Pipe and Irrigation,0,3920.82
Kare Orilla,Coffee Cameleon,1210,0.0
Kare Orilla,Gelatogalore,0,22.36
Kare Orilla,Brewed Awakenings,992,0.0
Vira Frente,Shoppers' Delight,139,0.0
Vira Frente,Maximum Iron and Steel,713,0.0
Vira Frente,General Grocer,1996,0.0
Vira Frente,Ouzeri Elian,1844,62.2
Vira Frente,Ahaggo Museum,1703,0.0
Vira Frente,Kronos Mart,109,0.0
Vira Frente,Desafio Golf Course,95,255.74
Vira Frente,Guy's Gyros,1518,282.81
Vira Frente,Gelatogalore,0,42.78
Vira Frente,Jack's Magical Beans,176,115.83
Vira Frente,Hippokampos,109,43.57
Vira Frente,Octavio's Office Supplies,234,0.0
Vira Frente,Bean There Done That,1752,286.06999999999994
Vira Frente,Carlyle Chemical Inc.,188,0.0
Vira Frente,Albert's Fine Clothing,147,0.0
Vira Frente,Abila Airport,730,0.0
Vira Frente,Kalami Kafenion,3229,0.0
Vira Frente,Roberts and Sons,1849,0.0
Vira Frente,Abila Zacharo,763,132.64000000000001
Vira Frente,Katerina’s Café,1355,121.79999999999998
Vira Frente,Nationwide Refinery,2024,0.0
Vira Frente,Coffee Shack,29,29.64
Vira Frente,Frank's Fuel,1882,0.0
Vira Frente,Frydos Autosupply n' More,0,590.74
Vira Frente,Stewart and Sons Fabrication,0,8617.41
Vira Frente,Brew've Been Served,225,51.04
Vira Frente,Brewed Awakenings,1841,167.57
Sven Flecha,Shoppers' Delight,134,0.0
Sven Flecha,Maximum Iron and Steel,678,0.0
Sven Flecha,General Grocer,134,0.0
Sven Flecha,Ouzeri Elian,53,55.64
Sven Flecha,Kronos Mart,2210,0.0
Sven Flecha,Ahaggo Museum,125,0.0
Sven Flecha,Desafio Golf Course,132,0.0
Sven Flecha,Guy's Gyros,0,67.36
Sven Flecha,Jack's Magical Beans,972,0.0
Sven Flecha,Hippokampos,0,19.76
Sven Flecha,Octavio's Office Supplies,256,0.0
Sven Flecha,Bean There Done That,1971,0.0
Sven Flecha,Carlyle Chemical Inc.,953,0.0
Sven Flecha,Albert's Fine Clothing,102,1239.41
Sven Flecha,Abila Airport,620,0.0
Sven Flecha,Roberts and Sons,114,0.0
Sven Flecha,Abila Zacharo,554,72.22
Sven Flecha,Katerina’s Café,87,236.25
Sven Flecha,Nationwide Refinery,874,0.0
Sven Flecha,Hallowed Grounds,0,13.93
Sven Flecha,Coffee Shack,809,0.0
Sven Flecha,Frank's Fuel,108,0.0
Sven Flecha,U-Pump,638,0.0
Sven Flecha,Coffee Cameleon,708,12.26
Sven Flecha,Stewart and Sons Fabrication,805,0.0
Sven Flecha,Brew've Been Served,998,16.66
Sven Flecha,Brewed Awakenings,863,0.0
Edvard Vann,Abila Scrapyard,63,0.0
Edvard Vann,Shoppers' Delight,993,0.0
Edvard Vann,Maximum Iron and Steel,800,0.0
Edvard Vann,General Grocer,607,0.0
Edvard Vann,Ouzeri Elian,300,35.24
Edvard Vann,Kronos Mart,1104,0.0
Edvard Vann,Ahaggo Museum,510,0.0
Edvard Vann,Desafio Golf Course,129,0.0
Edvard Vann,Guy's Gyros,0,187.69000000000003
Edvard Vann,Gelatogalore,83,82.16999999999999
Edvard Vann,Jack's Magical Beans,739,0.0
Edvard Vann,Hippokampos,0,67.37
Edvard Vann,Octavio's Office Supplies,153,0.0
Edvard Vann,Bean There Done That,2242,0.0
Edvard Vann,Carlyle Chemical Inc.,1121,0.0
Edvard Vann,Albert's Fine Clothing,255,126.13
Edvard Vann,Abila Airport,779,0.0
Edvard Vann,Kalami Kafenion,0,168.10999999999999
Edvard Vann,Roberts and Sons,492,0.0
Edvard Vann,Abila Zacharo,371,55.17999999999999
Edvard Vann,Katerina’s Café,669,325.32
Edvard Vann,Nationwide Refinery,883,0.0
Edvard Vann,Hallowed Grounds,227,13.0
Edvard Vann,Coffee Shack,2088,0.0
Edvard Vann,Frank's Fuel,517,0.0
Edvard Vann,U-Pump,51,0.0
Edvard Vann,Frydos Autosupply n' More,255,0.0
Edvard Vann,Coffee Cameleon,375,19.93
Edvard Vann,Stewart and Sons Fabrication,50,0.0
Edvard Vann,Brew've Been Served,1049,53.0
Edvard Vann,Brewed Awakenings,887,0.0
Brand Tempestad,Shoppers' Delight,772,0.0
Brand Tempestad,Maximum Iron and Steel,380,0.0
Brand Tempestad,General Grocer,402,0.0
Brand Tempestad,Ouzeri Elian,171,28.86
Brand Tempestad,Kronos Mart,1722,0.0
Brand Tempestad,Ahaggo Museum,257,0.0
Brand Tempestad,Desafio Golf Course,262,0.0
Brand Tempestad,Guy's Gyros,101,30.12
Brand Tempestad,Gelatogalore,0,50.36
Brand Tempestad,Jack's Magical Beans,888,0.0
Brand Tempestad,Hippokampos,0,36.93
Brand Tempestad,Octavio's Office Supplies,92,0.0
Brand Tempestad,Bean There Done That,1959,0.0
Brand Tempestad,Carlyle Chemical Inc.,709,0.0
Brand Tempestad,Albert's Fine Clothing,450,0.0
Brand Tempestad,Abila Airport,346,0.0
Brand Tempestad,Kalami Kafenion,0,64.67
Brand Tempestad,Roberts and Sons,247,0.0
Brand Tempestad,Abila Zacharo,344,11.99
Brand Tempestad,Katerina’s Café,329,29.48
Brand Tempestad,Nationwide Refinery,690,0.0
Brand Tempestad,Hallowed Grounds,538,0.0
Brand Tempestad,Coffee Shack,523,0.0
Brand Tempestad,Frank's Fuel,443,0.0
Brand Tempestad,U-Pump,349,0.0
Brand Tempestad,Frydos Autosupply n' More,550,0.0
Brand Tempestad,Stewart and Sons Fabrication,992,2353.36
Brand Tempestad,Coffee Cameleon,422,0.0
Brand Tempestad,Brew've Been Served,830,0.0
Brand Tempestad,Brewed Awakenings,416,0.0
Willem Vasco-Pais,Abila Scrapyard,65,0.0
Willem Vasco-Pais,Shoppers' Delight,65,0.0
Willem Vasco-Pais,Maximum Iron and Steel,947,0.0
Willem Vasco-Pais,General Grocer,1195,0.0
Willem Vasco-Pais,Ouzeri Elian,687,89.18
Willem Vasco-Pais,Ahaggo Museum,1510,0.0
Willem Vasco-Pais,Kronos Mart,39,0.0
Willem Vasco-Pais,Desafio Golf Course,64,0.0
Willem Vasco-Pais,Guy's Gyros,322,98.04
Willem Vasco-Pais,Gelatogalore,26,0.0
Willem Vasco-Pais,Jack's Magical Beans,174,0.0
Willem Vasco-Pais,Hippokampos,489,0.0
Willem Vasco-Pais,Bean There Done That,1688,0.0
Willem Vasco-Pais,Carlyle Chemical Inc.,131,0.0
Willem Vasco-Pais,Albert's Fine Clothing,2981,0.0
Willem Vasco-Pais,Abila Airport,887,0.0
Willem Vasco-Pais,Kalami Kafenion,0,59.959999999999994
Willem Vasco-Pais,Roberts and Sons,1395,0.0
Willem Vasco-Pais,Abila Zacharo,537,0.0
Willem Vasco-Pais,Katerina’s Café,1324,106.85
Willem Vasco-Pais,Nationwide Refinery,2130,0.0
Willem Vasco-Pais,Hallowed Grounds,32,0.0
Willem Vasco-Pais,Coffee Shack,19,0.0
Willem Vasco-Pais,Frank's Fuel,1282,0.0
Willem Vasco-Pais,Chostus Hotel,0,159.62
Willem Vasco-Pais,Frydos Autosupply n' More,60,0.0
Willem Vasco-Pais,Coffee Cameleon,61,0.0
Willem Vasco-Pais,Brew've Been Served,155,25.05
Willem Vasco-Pais,Brewed Awakenings,2026,0.0
Birgitta Frente,Shoppers' Delight,1039,654.4
Birgitta Frente,Maximum Iron and Steel,413,0.0
Birgitta Frente,General Grocer,676,78.02
Birgitta Frente,Ouzeri Elian,384,0.0
Birgitta Frente,Kronos Mart,826,0.0
Birgitta Frente,Ahaggo Museum,474,0.0
Birgitta Frente,Desafio Golf Course,250,0.0
Birgitta Frente,Guy's Gyros,99,48.14
Birgitta Frente,Gelatogalore,24,0.0
Birgitta Frente,Jack's Magical Beans,600,0.0
Birgitta Frente,Hippokampos,0,167.29000000000002
Birgitta Frente,Octavio's Office Supplies,142,0.0
Birgitta Frente,Bean There Done That,1823,0.0
Birgitta Frente,Carlyle Chemical Inc.,315,0.0
Birgitta Frente,Albert's Fine Clothing,372,0.0
Birgitta Frente,Abila Airport,395,0.0
Birgitta Frente,Kalami Kafenion,148,0.0
Birgitta Frente,Roberts and Sons,481,0.0
Birgitta Frente,Abila Zacharo,216,21.29
Birgitta Frente,Katerina’s Café,653,88.57
Birgitta Frente,Nationwide Refinery,894,0.0
Birgitta Frente,Hallowed Grounds,1165,0.0
Birgitta Frente,Coffee Shack,259,0.0
Birgitta Frente,Frank's Fuel,638,0.0
Birgitta Frente,U-Pump,715,0.0
Birgitta Frente,Frydos Autosupply n' More,1232,0.0
Birgitta Frente,Stewart and Sons Fabrication,1591,0.0
Birgitta Frente,Coffee Cameleon,563,0.0
Birgitta Frente,Brew've Been Served,588,6.58
Birgitta Frente,Brewed Awakenings,509,0.0
Sten Sanjorge Jr.,Shoppers' Delight,354,0.0
Sten Sanjorge Jr.,Maximum Iron and Steel,133,0.0
Sten Sanjorge Jr.,Ahaggo Museum,0,26.91
Sten Sanjorge Jr.,Kronos Mart,197,0.0
Sten Sanjorge Jr.,Desafio Golf Course,188,0.0
Sten Sanjorge Jr.,Guy's Gyros,78,0.0
Sten Sanjorge Jr.,Jack's Magical Beans,39,0.0
Sten Sanjorge Jr.,Bean There Done That,166,0.0
Sten Sanjorge Jr.,Albert's Fine Clothing,128,0.0
Sten Sanjorge Jr.,Abila Airport,131,0.0
Sten Sanjorge Jr.,Kalami Kafenion,0,42.73
Sten Sanjorge Jr.,Abila Zacharo,110,0.0
Sten Sanjorge Jr.,Katerina’s Café,0,130.51999999999998
Sten Sanjorge Jr.,Nationwide Refinery,132,0.0
Sten Sanjorge Jr.,Hallowed Grounds,149,0.0
Sten Sanjorge Jr.,Coffee Shack,81,0.0
Sten Sanjorge Jr.,Frank's Fuel,13,0.0
Sten Sanjorge Jr.,Frydos Autosupply n' More,117,0.0
Sten Sanjorge Jr.,Stewart and Sons Fabrication,179,0.0
Sten Sanjorge Jr.,Brewed Awakenings,122,0.0
